INDEX,YEAR,MONTH,DAY,AIRLINE,FLIGHT_NUMBER,ORIGIN_AIRPORT,DESTINATION_AIRPORT,SCHEDULED_DEPARTURE,SCHEDULED_TIME,AIR_TIME,DISTANCE,SCHEDULED_ARRIVAL
0,2015,1,1,AS,98,ANC,SEA,5,205.0,169.0,1448,430
1,2015,1,1,AA,2336,LAX,PBI,10,280.0,263.0,2330,750
2,2015,1,1,US,840,SFO,CLT,20,286.0,266.0,2296,806
3,2015,1,1,AA,258,LAX,MIA,20,285.0,258.0,2342,805
4,2015,1,1,AS,135,SEA,ANC,25,235.0,199.0,1448,320
5,2015,1,1,DL,806,SFO,MSP,25,217.0,206.0,1589,602
6,2015,1,1,NK,612,LAS,MSP,25,181.0,154.0,1299,526
7,2015,1,1,US,2013,LAX,CLT,30,273.0,228.0,2125,803
8,2015,1,1,AA,1112,SFO,DFW,30,195.0,173.0,1464,545
9,2015,1,1,DL,1173,LAS,ATL,30,221.0,186.0,1747,711
10,2015,1,1,DL,2336,DEN,ATL,30,173.0,133.0,1199,523
11,2015,1,1,AA,1674,LAS,MIA,35,268.0,238.0,2174,803
12,2015,1,1,DL,1434,LAX,MSP,35,214.0,188.0,1535,609
13,2015,1,1,DL,2324,SLC,ATL,40,215.0,176.0,1590,615
14,2015,1,1,DL,2440,SEA,MSP,40,189.0,166.0,1399,549
15,2015,1,1,AS,108,ANC,SEA,45,204.0,173.0,1448,509
16,2015,1,1,DL,1560,ANC,SEA,45,210.0,171.0,1448,515
17,2015,1,1,UA,1197,SFO,IAH,48,218.0,199.0,1635,626
18,2015,1,1,AS,122,ANC,PDX,50,215.0,187.0,1542,525
19,2015,1,1,DL,1670,PDX,MSP,50,193.0,171.0,1426,603
20,2015,1,1,NK,520,LAS,MCI,55,162.0,128.0,1139,537
21,2015,1,1,AA,371,SEA,MIA,100,338.0,311.0,2724,938
22,2015,1,1,NK,214,LAS,DFW,103,147.0,128.0,1055,530
23,2015,1,1,AA,115,LAX,MIA,105,286.0,255.0,2342,851
24,2015,1,1,DL,1450,LAS,MSP,105,183.0,150.0,1299,608
25,2015,1,1,UA,1545,LAX,IAH,115,183.0,156.0,1379,618
26,2015,1,1,AS,130,FAI,SEA,115,213.0,186.0,1533,548
27,2015,1,1,NK,597,MSP,FLL,115,207.0,166.0,1487,542
28,2015,1,1,US,413,LAS,CLT,120,245.0,205.0,1916,825
29,2015,1,1,AA,2392,DEN,MIA,120,227.0,188.0,1709,707
30,2015,1,1,NK,168,PHX,ORD,125,204.0,156.0,1440,549
31,2015,1,1,AA,2211,PHX,MIA,127,239.0,217.0,1972,726
32,2015,1,1,AS,136,ANC,SEA,135,205.0,,1448,600
33,2015,1,1,DL,95,SLC,ATL,140,215.0,182.0,1590,715
34,2015,1,1,NK,298,LAS,IAH,144,170.0,148.0,1222,634
35,2015,1,1,HA,17,LAS,HNL,145,370.0,361.0,2762,555
36,2015,1,1,US,617,ANC,PHX,152,323.0,298.0,2552,915
37,2015,1,1,UA,1528,SJU,EWR,154,255.0,220.0,1608,509
38,2015,1,1,AS,134,ANC,SEA,155,218.0,170.0,1448,633
39,2015,1,1,B6,304,SJU,JFK,155,235.0,231.0,1598,450
40,2015,1,1,NK,451,PBG,FLL,155,208.0,174.0,1334,523
41,2015,1,1,NK,972,PHX,DFW,159,123.0,103.0,868,502
42,2015,1,1,AA,2459,PHX,DFW,200,120.0,,868,500
43,2015,1,1,AS,144,ANC,PDX,200,210.0,182.0,1542,630
44,2015,1,1,NK,647,IAG,FLL,200,184.0,149.0,1176,504
45,2015,1,1,B6,1990,SJU,EWR,206,246.0,239.0,1608,512
46,2015,1,1,US,699,PHX,CLT,220,224.0,183.0,1773,804
47,2015,1,1,AS,114,ANC,SEA,220,200.0,176.0,1448,640
48,2015,1,1,B6,668,PSE,MCO,255,185.0,169.0,1179,500
49,2015,1,1,UA,1162,BQN,EWR,259,240.0,225.0,1585,559
50,2015,1,1,B6,1030,BQN,MCO,307,173.0,160.0,1129,500
51,2015,1,1,B6,262,SJU,BOS,330,245.0,224.0,1674,635
52,2015,1,1,B6,2134,SJU,MCO,400,185.0,163.0,1189,605
53,2015,1,1,B6,730,BQN,MCO,419,174.0,148.0,1129,613
54,2015,1,1,B6,768,PSE,MCO,424,186.0,166.0,1179,630
55,2015,1,1,B6,2276,SJU,BDL,438,241.0,237.0,1666,739
56,2015,1,1,US,602,ORD,PHX,500,228.0,214.0,1440,748
57,2015,1,1,AS,695,GEG,SEA,500,70.0,39.0,224,610
58,2015,1,1,HA,102,HNL,ITO,500,49.0,35.0,216,549
59,2015,1,1,OO,5467,ONT,SFO,500,89.0,61.0,363,629
60,2015,1,1,HA,108,HNL,KOA,502,42.0,30.0,163,544
61,2015,1,1,AS,730,ANC,SEA,505,205.0,179.0,1448,930
62,2015,1,1,HA,206,HNL,OGG,505,36.0,20.0,100,541
63,2015,1,1,UA,1500,ORD,IAH,510,175.0,147.0,925,805
64,2015,1,1,AA,1323,MCO,MIA,510,63.0,38.0,192,613
65,2015,1,1,NK,103,BOS,MYR,510,140.0,112.0,738,730
66,2015,1,1,OO,7404,HIB,MSP,510,68.0,35.0,174,618
67,2015,1,1,OO,7419,ABR,MSP,510,69.0,41.0,257,619
68,2015,1,1,OO,5254,MAF,IAH,510,87.0,,429,637
69,2015,1,1,US,480,SEA,PHX,515,165.0,146.0,1107,900
70,2015,1,1,AA,1057,DFW,MIA,515,161.0,133.0,1121,856
71,2015,1,1,AA,2454,BOS,MIA,515,208.0,182.0,1258,843
72,2015,1,1,EV,4354,MKE,IAH,515,178.0,163.0,984,813
73,2015,1,1,US,425,PDX,PHX,520,150.0,132.0,1009,850
74,2015,1,1,AA,89,IAH,MIA,520,141.0,111.0,964,841
75,2015,1,1,DL,2099,BNA,DTW,520,103.0,66.0,456,803
76,2015,1,1,EV,4685,BRO,IAH,520,74.0,49.0,308,634
77,2015,1,1,EV,5583,VPS,ATL,520,66.0,42.0,250,726
78,2015,1,1,OO,5484,BOI,SFO,520,112.0,79.0,522,612
79,2015,1,1,OO,7370,BJI,MSP,520,60.0,34.0,199,620
80,2015,1,1,HA,103,HNL,LIH,523,37.0,21.0,102,600
81,2015,1,1,EV,5187,BNA,ATL,525,65.0,35.0,214,730
82,2015,1,1,MQ,2859,SGF,DFW,525,95.0,,364,700
83,2015,1,1,UA,1201,PHL,IAH,530,230.0,210.0,1325,820
84,2015,1,1,UA,1221,PDX,DEN,530,142.0,125.0,991,852
85,2015,1,1,UA,1607,SEA,DEN,530,157.0,138.0,1024,907
86,2015,1,1,AA,328,DEN,DFW,530,125.0,96.0,641,835
87,2015,1,1,EV,5764,SBN,ORD,530,55.0,22.0,84,525
88,2015,1,1,F9,1279,PHL,MCO,530,160.0,128.0,861,810
89,2015,1,1,NK,409,ORD,FLL,530,188.0,149.0,1182,938
90,2015,1,1,OO,5460,RDD,SFO,530,90.0,,199,700
91,2015,1,1,OO,6391,EUG,DEN,530,163.0,143.0,996,913
92,2015,1,1,UA,1532,SFO,DEN,531,146.0,127.0,967,857
93,2015,1,1,UA,1167,ORD,DEN,533,167.0,142.0,888,720
94,2015,1,1,UA,1012,IAD,IAH,535,207.0,194.0,1190,802
95,2015,1,1,B6,2001,BUF,JFK,535,88.0,56.0,301,703
96,2015,1,1,B6,2807,PWM,JFK,535,85.0,50.0,273,700
97,2015,1,1,B6,2023,JFK,SJU,535,225.0,184.0,1598,1020
98,2015,1,1,EV,4557,CRP,IAH,535,61.0,33.0,201,636
99,2015,1,1,EV,5241,PIA,DTW,535,88.0,54.0,346,803
100,2015,1,1,EV,5498,ORD,DTW,535,85.0,41.0,235,800
101,2015,1,1,OO,6512,FAT,LAX,535,75.0,42.0,209,650
102,2015,1,1,UA,1577,SMF,DEN,538,142.0,129.0,909,900
103,2015,1,1,OO,4986,AUS,LAX,538,212.0,173.0,1242,710
104,2015,1,1,B6,727,BOS,BWI,540,101.0,66.0,369,721
105,2015,1,1,B6,1012,ORD,BOS,540,136.0,95.0,867,856
106,2015,1,1,DL,824,PHX,DTW,540,223.0,178.0,1671,1123
107,2015,1,1,DL,941,MCI,ATL,540,122.0,84.0,692,842
108,2015,1,1,DL,2079,BOS,DTW,540,143.0,105.0,632,803
109,2015,1,1,EV,3268,ATL,IAD,540,105.0,79.0,534,725
110,2015,1,1,EV,4160,JAX,EWR,540,137.0,109.0,820,757
111,2015,1,1,OO,6285,MFR,DEN,540,161.0,138.0,964,921
112,2015,1,1,OO,5184,SLC,IAH,540,193.0,158.0,1195,953
113,2015,1,1,OO,6358,IDA,DEN,541,104.0,72.0,458,725
114,2015,1,1,F9,161,MSN,DEN,544,145.0,128.0,826,709
115,2015,1,1,OO,4833,MKE,DTW,545,74.0,36.0,237,759
116,2015,1,1,UA,1119,GEG,DEN,545,139.0,107.0,836,904
117,2015,1,1,UA,1237,SEA,IAH,545,251.0,238.0,1874,1156
118,2015,1,1,UA,1540,DCA,IAH,545,209.0,182.0,1208,814
119,2015,1,1,AA,1433,SAT,DFW,545,65.0,41.0,247,650
120,2015,1,1,AA,2299,JFK,MIA,545,185.0,152.0,1089,850
121,2015,1,1,B6,721,BOS,PBI,545,205.0,170.0,1197,910
122,2015,1,1,B6,917,BOS,JFK,545,77.0,44.0,187,702
123,2015,1,1,B6,939,JFK,BQN,545,221.0,180.0,1576,1026
124,2015,1,1,DL,1890,DFW,ATL,545,124.0,86.0,731,849
125,2015,1,1,EV,4646,CHS,EWR,545,116.0,91.0,628,741
126,2015,1,1,F9,365,MKE,DEN,545,161.0,120.0,896,726
127,2015,1,1,F9,117,MSP,DEN,545,129.0,104.0,680,654
128,2015,1,1,MQ,2926,CHS,DFW,545,190.0,,987,755
129,2015,1,1,OO,2599,DEN,LAX,545,150.0,112.0,862,715
130,2015,1,1,OO,5482,SBA,DEN,545,154.0,134.0,916,919
131,2015,1,1,OO,6457,SMX,LAX,545,66.0,,134,651
132,2015,1,1,HA,218,HNL,KOA,548,42.0,27.0,163,630
133,2015,1,1,B6,515,BOS,BUF,549,96.0,78.0,395,725
134,2015,1,1,UA,228,PDX,EWR,550,314.0,263.0,2434,1404
135,2015,1,1,US,641,IND,PHX,550,240.0,234.0,1488,750
136,2015,1,1,UA,495,LAX,DEN,550,145.0,118.0,862,915
137,2015,1,1,UA,507,CLE,IAH,550,194.0,170.0,1091,804
138,2015,1,1,UA,1553,BOS,EWR,550,88.0,46.0,200,718
139,2015,1,1,US,403,DEN,PHX,550,119.0,91.0,602,749
140,2015,1,1,US,446,MCI,PHX,550,178.0,159.0,1044,748
141,2015,1,1,AA,1178,AUS,DFW,550,60.0,36.0,190,650
142,2015,1,1,AA,2410,LAX,DFW,550,180.0,150.0,1235,1050
143,2015,1,1,DL,2453,GSP,ATL,550,59.0,28.0,153,649
144,2015,1,1,B6,2228,MCO,EWR,550,149.0,127.0,937,819
145,2015,1,1,EV,4555,MCI,IAH,550,135.0,110.0,643,805
146,2015,1,1,EV,5698,BDL,IAD,550,88.0,58.0,326,718
147,2015,1,1,MQ,3534,ABI,DFW,550,55.0,,158,645
148,2015,1,1,EV,4339,RIC,IAH,550,205.0,195.0,1157,815
149,2015,1,1,OO,6204,BFL,DEN,550,150.0,125.0,845,920
150,2015,1,1,OO,6261,SAT,SFO,550,249.0,198.0,1482,759
151,2015,1,1,OO,5160,OMA,IAH,550,140.0,120.0,781,810
152,2015,1,1,OO,6224,RDM,DEN,550,143.0,130.0,898,913
153,2015,1,1,B6,860,FLL,BDL,553,166.0,162.0,1173,839
154,2015,1,1,EV,5230,CID,ATL,554,131.0,84.0,694,905
155,2015,1,1,WN,526,SFO,DEN,555,150.0,132.0,967,925
156,2015,1,1,UA,1222,MCO,LAX,555,341.0,310.0,2218,836
157,2015,1,1,UA,1507,TPA,EWR,555,156.0,131.0,997,831
158,2015,1,1,AA,1094,SEA,DFW,555,235.0,216.0,1660,1150
159,2015,1,1,AA,1233,BOS,DFW,555,275.0,243.0,1562,930
160,2015,1,1,B6,115,SYR,JFK,555,83.0,43.0,209,718
161,2015,1,1,B6,185,ROC,JFK,555,85.0,48.0,264,720
162,2015,1,1,EV,2519,TYR,DFW,555,50.0,25.0,102,645
163,2015,1,1,EV,3928,MCI,ORD,555,94.0,58.0,403,729
164,2015,1,1,EV,3941,LAN,ORD,555,69.0,39.0,179,604
165,2015,1,1,EV,5976,BUF,EWR,555,80.0,48.0,282,715
166,2015,1,1,MQ,3161,XNA,DFW,555,75.0,,280,710
167,2015,1,1,EV,5677,GSO,EWR,556,94.0,65.0,445,730
168,2015,1,1,NK,224,ORD,LGA,556,124.0,92.0,733,900
169,2015,1,1,UA,1457,LAX,IAH,557,192.0,160.0,1379,1109
170,2015,1,1,AA,1205,EWR,MIA,559,183.0,149.0,1085,902
171,2015,1,1,OO,5547,ONT,DEN,559,141.0,123.0,819,920
172,2015,1,1,UA,210,MSP,DEN,600,139.0,100.0,680,719
173,2015,1,1,UA,214,PBI,IAH,600,170.0,146.0,956,750
174,2015,1,1,UA,247,PHX,IAH,600,148.0,118.0,1009,928
175,2015,1,1,UA,256,RSW,IAH,600,156.0,133.0,861,736
176,2015,1,1,UA,319,EWR,MCO,600,173.0,135.0,937,853
177,2015,1,1,UA,374,OMA,ORD,600,97.0,57.0,416,737
178,2015,1,1,US,635,SMF,PHX,600,110.0,90.0,647,850
179,2015,1,1,US,646,OAK,PHX,600,115.0,88.0,646,855
180,2015,1,1,US,1941,PVD,CLT,600,139.0,114.0,683,819
181,2015,1,1,UA,422,RNO,DEN,600,130.0,120.0,804,910
182,2015,1,1,UA,544,PIT,IAH,600,195.0,175.0,1117,815
183,2015,1,1,UA,1016,DEN,IAH,600,142.0,114.0,862,922
184,2015,1,1,WN,4122,BOS,BWI,600,105.0,63.0,369,745
185,2015,1,1,WN,4822,LAS,BWI,600,270.0,230.0,2106,1330
186,2015,1,1,WN,2215,ABQ,HOU,600,120.0,103.0,759,900
187,2015,1,1,WN,676,PHX,SLC,600,95.0,76.0,507,735
188,2015,1,1,WN,2787,PIT,FLL,600,170.0,132.0,994,850
189,2015,1,1,WN,4859,PVD,BWI,600,100.0,63.0,327,740
190,2015,1,1,WN,597,SFO,ATL,600,280.0,253.0,2139,1340
191,2015,1,1,UA,1158,SFO,ORD,600,257.0,222.0,1846,1217
192,2015,1,1,UA,1163,MCO,EWR,600,154.0,126.0,937,834
193,2015,1,1,UA,1188,PDX,IAH,600,244.0,224.0,1825,1204
194,2015,1,1,UA,1198,BOS,ORD,600,173.0,146.0,867,753
195,2015,1,1,UA,1224,SFO,LAX,600,88.0,52.0,337,728
196,2015,1,1,UA,1296,SAT,LAX,600,207.0,170.0,1211,727
197,2015,1,1,UA,1431,BOS,LAX,600,404.0,376.0,2611,944
198,2015,1,1,UA,1637,SEA,EWR,600,311.0,268.0,2402,1411
199,2015,1,1,UA,1735,LAX,ORD,600,250.0,201.0,1744,1210
200,2015,1,1,US,410,IAH,PHX,600,170.0,155.0,1009,750
201,2015,1,1,US,459,MCO,PHX,600,281.0,273.0,1849,841
202,2015,1,1,US,610,SFO,PHX,600,114.0,87.0,651,854
203,2015,1,1,AA,72,DFW,MCO,600,145.0,120.0,985,925
204,2015,1,1,AA,196,MIA,PHL,600,164.0,148.0,1013,844
205,2015,1,1,AA,304,SLC,DFW,600,170.0,137.0,989,950
206,2015,1,1,AA,175,DCA,DFW,600,215.0,,1192,835
207,2015,1,1,AA,281,MIA,DFW,600,194.0,166.0,1121,814
208,2015,1,1,AA,233,BWI,MIA,600,163.0,124.0,946,843
209,2015,1,1,AA,1100,DFW,LGA,600,190.0,154.0,1389,1010
210,2015,1,1,AA,1103,LGA,DFW,600,245.0,,1389,905
211,2015,1,1,AA,1028,DEN,ORD,600,155.0,106.0,888,935
212,2015,1,1,AA,1039,MCI,DFW,600,105.0,80.0,460,745
213,2015,1,1,AA,1055,MCO,DFW,600,185.0,,985,805
214,2015,1,1,AA,1180,SFO,DFW,600,210.0,,1464,1130
215,2015,1,1,AA,1345,TUL,DFW,600,75.0,48.0,237,715
216,2015,1,1,AA,1297,LGA,MIA,600,192.0,151.0,1096,912
217,2015,1,1,AA,1411,LIT,DFW,600,80.0,56.0,304,720
218,2015,1,1,AA,1084,MIA,LGA,600,175.0,149.0,1096,855
219,2015,1,1,AA,1088,LAS,DFW,600,160.0,128.0,1055,1040
220,2015,1,1,AA,1534,PDX,DFW,600,225.0,206.0,1616,1145
221,2015,1,1,AA,1573,TPA,DFW,600,170.0,139.0,929,750
222,2015,1,1,AA,1660,SMF,DFW,600,210.0,190.0,1431,1130
223,2015,1,1,AA,2204,MSY,MIA,600,109.0,82.0,675,849
224,2015,1,1,AA,1515,LAX,ORD,600,245.0,202.0,1744,1205
225,2015,1,1,AA,2307,OMA,DFW,600,120.0,91.0,583,800
226,2015,1,1,AA,2363,OKC,DFW,600,65.0,39.0,175,705
227,2015,1,1,AS,81,SEA,ANC,600,234.0,195.0,1448,854
228,2015,1,1,AS,162,FAI,ANC,600,73.0,44.0,261,713
229,2015,1,1,AS,200,SEA,SJC,600,123.0,99.0,697,803
230,2015,1,1,AS,342,SEA,OAK,600,119.0,92.0,671,759
231,2015,1,1,AS,406,PDX,SJC,600,102.0,82.0,569,742
232,2015,1,1,AS,477,LAX,SEA,600,170.0,141.0,954,850
233,2015,1,1,AS,631,PHX,SEA,600,175.0,151.0,1107,755
234,2015,1,1,AS,683,DEN,SEA,600,190.0,137.0,1024,810
235,2015,1,1,AS,699,GEG,SEA,600,75.0,42.0,224,715
236,2015,1,1,B6,130,RSW,JFK,600,161.0,141.0,1074,841
237,2015,1,1,B6,154,PBI,JFK,600,154.0,141.0,1028,834
238,2015,1,1,B6,353,JFK,PBI,600,178.0,142.0,1028,858
239,2015,1,1,B6,226,TPA,JFK,600,151.0,130.0,1005,831
240,2015,1,1,B6,272,FLL,LGA,600,161.0,143.0,1076,841
241,2015,1,1,B6,447,OAK,LGB,600,80.0,60.0,353,720
242,2015,1,1,B6,371,LGA,FLL,600,183.0,150.0,1076,903
243,2015,1,1,B6,583,JFK,MCO,600,171.0,135.0,944,851
244,2015,1,1,B6,605,EWR,FLL,600,180.0,145.0,1065,900
245,2015,1,1,B6,525,JFK,TPA,600,181.0,157.0,1005,901
246,2015,1,1,B6,746,PSE,JFK,600,241.0,225.0,1617,901
247,2015,1,1,B6,776,MSY,JFK,600,168.0,140.0,1182,948
248,2015,1,1,B6,794,AUS,JFK,600,203.0,175.0,1521,1023
249,2015,1,1,B6,838,BQN,JFK,600,232.0,225.0,1576,852
250,2015,1,1,B6,892,TPA,BOS,600,173.0,151.0,1185,853
251,2015,1,1,B6,1678,JAX,JFK,600,128.0,109.0,828,808
252,2015,1,1,B6,1790,DCA,BOS,600,84.0,62.0,399,724
253,2015,1,1,DL,421,JFK,ATL,600,163.0,117.0,760,843
254,2015,1,1,DL,731,LGA,DTW,600,118.0,97.0,502,758
255,2015,1,1,DL,743,RNO,SLC,600,100.0,68.0,422,840
256,2015,1,1,DL,750,BOS,JFK,600,80.0,44.0,187,720
257,2015,1,1,DL,809,BOS,MSP,600,210.0,186.0,1124,830
258,2015,1,1,DL,904,LGA,ATL,600,159.0,111.0,762,839
259,2015,1,1,DL,977,ORD,ATL,600,127.0,80.0,606,907
260,2015,1,1,DL,1088,ANC,MSP,600,317.0,266.0,2519,1417
261,2015,1,1,DL,1098,ATW,ATL,600,143.0,97.0,765,923
262,2015,1,1,DL,1205,PHX,ATL,600,207.0,169.0,1587,1127
263,2015,1,1,DL,1234,PNS,ATL,600,69.0,41.0,271,809
264,2015,1,1,DL,1235,MCO,SLC,600,304.0,280.0,1931,904
265,2015,1,1,AA,1462,ONT,DFW,600,180.0,,1188,1100
266,2015,1,1,AA,913,DCA,MIA,600,157.0,130.0,919,837
267,2015,1,1,DL,1961,RIC,ATL,600,113.0,75.0,481,753
268,2015,1,1,DL,2154,LAX,ATL,600,250.0,213.0,1947,1310
269,2015,1,1,DL,2282,BOS,ATL,600,191.0,144.0,946,911
270,2015,1,1,DL,2417,LAS,DTW,600,233.0,187.0,1749,1253
271,2015,1,1,DL,1540,OKC,ATL,600,124.0,85.0,761,904
272,2015,1,1,DL,1574,MCO,MSP,600,209.0,196.0,1310,829
273,2015,1,1,DL,1700,MEM,ATL,600,82.0,45.0,332,822
274,2015,1,1,DL,1867,TUL,ATL,600,118.0,80.0,674,858
275,2015,1,1,DL,1937,BWI,DTW,600,102.0,69.0,409,742
276,2015,1,1,B6,159,BOS,PHL,600,99.0,61.0,280,739
277,2015,1,1,B6,198,MCO,LGA,600,145.0,129.0,950,825
278,2015,1,1,B6,1502,FLL,JFK,600,163.0,146.0,1069,843
279,2015,1,1,B6,1504,SJU,JFK,600,242.0,248.0,1598,902
280,2015,1,1,B6,1600,BOS,DCA,600,107.0,72.0,399,747
281,2015,1,1,EV,2533,TYS,DFW,600,155.0,128.0,772,735
282,2015,1,1,EV,4213,MHT,ORD,600,173.0,153.0,843,753
283,2015,1,1,EV,4431,SAV,EWR,600,126.0,98.0,708,806
284,2015,1,1,EV,4411,MEM,EWR,600,158.0,120.0,946,938
285,2015,1,1,EV,4756,CLT,ORD,600,123.0,109.0,599,703
286,2015,1,1,EV,4768,TYS,IAD,600,85.0,58.0,419,725
287,2015,1,1,EV,4740,GRB,ORD,600,63.0,34.0,173,703
288,2015,1,1,EV,5103,ABE,DTW,600,113.0,84.0,425,753
289,2015,1,1,EV,5275,JAN,ATL,600,79.0,51.0,341,819
290,2015,1,1,EV,5491,OAJ,ATL,600,92.0,69.0,399,732
291,2015,1,1,EV,5978,FAR,ORD,600,123.0,78.0,557,803
292,2015,1,1,EV,5917,JAN,ORD,600,134.0,99.0,677,814
293,2015,1,1,EV,6133,ERI,ORD,600,92.0,79.0,398,632
294,2015,1,1,EV,6082,ATW,ORD,600,63.0,37.0,160,703
295,2015,1,1,EV,6122,LEX,ORD,600,90.0,65.0,323,630
296,2015,1,1,EV,6143,CWA,ORD,600,76.0,47.0,212,716
297,2015,1,1,F9,865,MSO,DEN,600,120.0,,679,800
298,2015,1,1,F9,1256,ORD,MIA,600,180.0,,1197,1000
299,2015,1,1,F9,1104,CLE,FLL,600,175.0,142.0,1062,855
300,2015,1,1,F9,1057,IAH,SFO,600,260.0,237.0,1635,820
301,2015,1,1,F9,144,SEA,DEN,600,153.0,131.0,1024,933
302,2015,1,1,F9,1056,SFO,IAH,600,225.0,209.0,1635,1145
303,2015,1,1,F9,901,TTN,ATL,600,139.0,109.0,701,819
304,2015,1,1,F9,902,ATL,TTN,600,110.0,98.0,701,750
305,2015,1,1,HA,202,HNL,ITO,600,50.0,36.0,216,650
306,2015,1,1,MQ,2898,MAF,DFW,600,70.0,,309,710
307,2015,1,1,MQ,2957,AMA,DFW,600,80.0,,312,720
308,2015,1,1,MQ,2962,CLL,DFW,600,60.0,,164,700
309,2015,1,1,MQ,3014,HOU,DFW,600,70.0,,247,710
310,2015,1,1,MQ,3015,DFW,BTR,600,78.0,,383,718
311,2015,1,1,MQ,3079,JLN,DFW,600,80.0,,327,720
312,2015,1,1,MQ,3189,CID,DFW,600,140.0,,685,820
313,2015,1,1,MQ,3302,MLI,DFW,600,145.0,,691,825
314,2015,1,1,MQ,3338,GSP,DFW,600,170.0,,862,750
315,2015,1,1,MQ,3350,RDU,JFK,600,95.0,64.0,427,735
316,2015,1,1,MQ,3355,CVG,MIA,600,153.0,123.0,948,833
317,2015,1,1,MQ,3251,MHK,DFW,600,100.0,,431,740
318,2015,1,1,MQ,3377,MOB,DFW,600,110.0,,539,750
319,2015,1,1,MQ,3441,TLH,DFW,600,150.0,,767,730
320,2015,1,1,MQ,3540,PNS,MIA,600,103.0,73.0,530,843
321,2015,1,1,MQ,3488,BHM,MIA,600,117.0,87.0,661,857
322,2015,1,1,MQ,3597,CVG,DFW,600,165.0,,812,745
323,2015,1,1,MQ,3611,CAE,DFW,600,185.0,,922,805
324,2015,1,1,MQ,3678,TXK,DFW,600,60.0,,181,700
325,2015,1,1,NK,188,OAK,LAS,600,83.0,68.0,407,723
326,2015,1,1,NK,925,DFW,OAK,600,238.0,188.0,1457,758
327,2015,1,1,NK,943,ACY,RSW,600,171.0,141.0,982,851
328,2015,1,1,NK,316,DTW,LGA,600,98.0,67.0,502,738
329,2015,1,1,NK,972,DFW,FLL,600,159.0,131.0,1119,939
330,2015,1,1,OO,2622,SMF,LAX,600,90.0,61.0,373,730
331,2015,1,1,OO,6360,RAP,DEN,600,82.0,49.0,300,722
332,2015,1,1,OO,6369,TUS,SFO,600,134.0,108.0,751,714
333,2015,1,1,OO,5330,EAU,ORD,600,79.0,43.0,268,719
334,2015,1,1,OO,5292,DLH,ORD,600,96.0,58.0,397,736
335,2015,1,1,OO,6276,FSD,ORD,600,96.0,67.0,462,736
336,2015,1,1,OO,6235,AUS,SFO,600,249.0,213.0,1504,809
337,2015,1,1,OO,3489,FAT,SEA,600,130.0,110.0,748,810
338,2015,1,1,OO,3461,ONT,PDX,600,147.0,119.0,838,827
339,2015,1,1,OO,7423,INL,BRD,600,58.0,30.0,153,658
340,2015,1,1,OO,5318,CMX,ORD,600,87.0,,359,627
341,2015,1,1,OO,5445,SMF,SFO,600,52.0,,86,652
342,2015,1,1,OO,5242,BOI,LAX,600,130.0,89.0,674,710
343,2015,1,1,OO,5462,SPI,ORD,600,64.0,39.0,174,704
344,2015,1,1,OO,5466,CLD,LAX,600,51.0,24.0,86,651
345,2015,1,1,OO,5550,COD,DEN,600,93.0,58.0,391,733
346,2015,1,1,OO,5574,FAT,SFO,600,74.0,37.0,158,714
347,2015,1,1,MQ,3221,CMH,MIA,600,166.0,137.0,990,846
348,2015,1,1,MQ,3224,LRD,DFW,600,80.0,,396,720
349,2015,1,1,OO,5522,PSC,DEN,600,142.0,115.0,852,922
350,2015,1,1,OO,5592,CPR,DEN,600,72.0,39.0,230,712
351,2015,1,1,OO,5604,ACV,SFO,600,83.0,69.0,250,723
352,2015,1,1,OO,5170,DAL,IAH,600,68.0,41.0,216,708
353,2015,1,1,OO,5429,PAH,ORD,600,93.0,66.0,342,733
354,2015,1,1,OO,5435,PSC,SFO,600,127.0,89.0,620,807
355,2015,1,1,OO,6378,CID,ORD,600,68.0,43.0,196,708
356,2015,1,1,OO,6401,EUG,SFO,600,96.0,69.0,451,736
357,2015,1,1,OO,6332,DFW,DEN,600,125.0,100.0,641,705
358,2015,1,1,OO,6346,MRY,SFO,600,46.0,21.0,77,646
359,2015,1,1,OO,6465,SLC,LAX,600,132.0,85.0,590,712
360,2015,1,1,OO,7392,ESC,DTW,600,87.0,47.0,306,727
361,2015,1,1,OO,6403,MFR,SFO,600,89.0,55.0,329,729
362,2015,1,1,OO,6497,FAT,DEN,600,145.0,132.0,844,925
363,2015,1,1,UA,576,SFO,EWR,601,331.0,292.0,2565,1432
364,2015,1,1,UA,1410,LAS,IAH,601,175.0,149.0,1222,1056
365,2015,1,1,UA,1689,EWR,SFO,601,399.0,355.0,2565,940
366,2015,1,1,EV,6020,ISN,DEN,601,129.0,83.0,576,710
367,2015,1,1,HA,113,HNL,LIH,601,37.0,23.0,102,638
368,2015,1,1,OO,5629,PSP,SFO,601,94.0,65.0,421,735
369,2015,1,1,OO,6420,PSP,DEN,601,131.0,107.0,776,912
370,2015,1,1,UA,223,SAT,IAH,602,58.0,31.0,191,700
371,2015,1,1,UA,996,LAX,EWR,603,319.0,263.0,2454,1422
372,2015,1,1,UA,1721,LAX,SFO,603,87.0,54.0,337,730
373,2015,1,1,EV,4390,CLE,IAD,603,82.0,44.0,288,725
374,2015,1,1,EV,5732,CAE,IAD,603,82.0,62.0,401,725
375,2015,1,1,F9,756,PHX,DEN,603,107.0,79.0,602,750
376,2015,1,1,UA,234,SMF,IAH,605,216.0,193.0,1609,1141
377,2015,1,1,UA,415,JFK,SFO,605,404.0,368.0,2586,949
378,2015,1,1,US,647,BOS,PHX,605,369.0,355.0,2300,1014
379,2015,1,1,US,829,BOS,CLT,605,147.0,120.0,728,832
380,2015,1,1,US,1743,DTW,MIA,605,186.0,147.0,1145,911
381,2015,1,1,UA,1023,FLL,EWR,605,174.0,150.0,1065,859
382,2015,1,1,WN,2505,GEG,DEN,605,140.0,111.0,836,925
383,2015,1,1,WN,239,SAT,STL,605,120.0,91.0,786,805
384,2015,1,1,WN,474,ONT,DEN,605,140.0,116.0,819,925
385,2015,1,1,UA,1245,CLE,EWR,605,91.0,55.0,404,736
386,2015,1,1,US,560,DFW,PHX,605,157.0,140.0,868,742
387,2015,1,1,AA,310,MFE,DFW,605,95.0,,469,740
388,2015,1,1,AA,375,STL,DFW,605,120.0,90.0,550,805
389,2015,1,1,AA,378,SJU,MIA,605,165.0,147.0,1045,750
390,2015,1,1,AA,1291,MKE,DFW,605,175.0,138.0,853,900
391,2015,1,1,AS,320,SEA,SFO,605,125.0,97.0,679,810
392,2015,1,1,AS,602,SEA,LAS,605,140.0,115.0,867,825
393,2015,1,1,B6,233,BTV,JFK,605,88.0,50.0,266,733
394,2015,1,1,B6,601,JFK,FLL,605,188.0,148.0,1069,913
395,2015,1,1,B6,735,SFO,LGB,605,81.0,59.0,354,726
396,2015,1,1,B6,922,PBI,BOS,605,172.0,163.0,1197,857
397,2015,1,1,B6,1184,MCO,JFK,605,146.0,129.0,944,831
398,2015,1,1,B6,1434,SJU,MCO,605,188.0,165.0,1189,813
399,2015,1,1,DL,1065,BDL,ATL,605,172.0,130.0,859,857
400,2015,1,1,DL,1456,RDU,ATL,605,90.0,57.0,356,735
401,2015,1,1,DL,1723,SFO,SLC,605,109.0,88.0,599,854
402,2015,1,1,EV,4642,TUS,IAH,605,142.0,117.0,936,927
403,2015,1,1,EV,4928,PIA,ATL,605,116.0,83.0,565,901
404,2015,1,1,F9,609,IND,DEN,605,177.0,150.0,977,702
405,2015,1,1,F9,821,MCI,DEN,605,109.0,93.0,533,654
406,2015,1,1,F9,133,DFW,DEN,605,122.0,91.0,641,707
407,2015,1,1,MQ,2881,FSM,DFW,605,70.0,,227,715
408,2015,1,1,MQ,2771,AEX,DFW,605,80.0,,285,725
409,2015,1,1,MQ,3288,SPS,DFW,605,45.0,,113,650
410,2015,1,1,MQ,3328,ACT,DFW,605,45.0,,89,650
411,2015,1,1,MQ,3408,SJT,DFW,605,60.0,,229,705
412,2015,1,1,MQ,3643,JAN,DFW,605,100.0,,408,745
413,2015,1,1,HA,286,HNL,OGG,605,36.0,22.0,100,641
414,2015,1,1,OO,5181,OKC,LAX,605,199.0,165.0,1187,724
415,2015,1,1,OO,6499,FAR,DEN,605,141.0,87.0,627,726
416,2015,1,1,UA,1160,SFO,IAH,606,233.0,199.0,1635,1159
417,2015,1,1,UA,1601,EWR,FLL,606,189.0,143.0,1065,915
418,2015,1,1,OO,6461,MTJ,DEN,606,69.0,39.0,196,715
419,2015,1,1,NK,606,RSW,DTW,607,166.0,155.0,1084,853
420,2015,1,1,OO,7389,GCC,RKS,607,77.0,57.0,261,724
421,2015,1,1,UA,220,MSY,EWR,608,172.0,140.0,1167,1000
422,2015,1,1,UA,654,ORD,MCO,608,163.0,127.0,1005,951
423,2015,1,1,EV,6119,RIC,ORD,608,137.0,123.0,642,725
424,2015,1,1,OO,5456,RDM,SFO,608,102.0,68.0,462,750
425,2015,1,1,HA,205,OGG,HNL,609,32.0,23.0,100,641
426,2015,1,1,OO,4494,SJC,SLC,609,122.0,106.0,584,911
427,2015,1,1,OO,5370,ORD,MBS,610,66.0,37.0,222,816
428,2015,1,1,US,1709,EWR,CLT,610,121.0,95.0,529,811
429,2015,1,1,WN,828,PHX,BWI,610,250.0,210.0,1999,1220
430,2015,1,1,UA,1632,SEA,IAD,610,294.0,252.0,2306,1404
431,2015,1,1,UA,1725,LAS,SFO,610,96.0,62.0,414,746
432,2015,1,1,AA,168,DFW,MIA,610,163.0,129.0,1121,953
433,2015,1,1,AA,1315,BNA,DFW,610,135.0,,631,825
434,2015,1,1,AA,1336,PHX,DFW,610,135.0,108.0,868,925
435,2015,1,1,AA,1619,BOS,MIA,610,216.0,179.0,1258,946
436,2015,1,1,AA,1686,LAX,STL,610,215.0,183.0,1592,1145
437,2015,1,1,AS,345,OAK,SEA,610,119.0,95.0,671,809
438,2015,1,1,AS,454,SEA,LAX,610,155.0,122.0,954,845
439,2015,1,1,B6,57,BOS,IAD,610,111.0,73.0,413,801
440,2015,1,1,B6,24,LAX,JFK,610,314.0,279.0,2475,1424
441,2015,1,1,B6,1279,DCA,FLL,610,155.0,126.0,899,845
442,2015,1,1,B6,1836,DTW,BOS,610,118.0,74.0,632,808
443,2015,1,1,AA,1361,BNA,LAX,610,285.0,255.0,1797,855
444,2015,1,1,DL,327,PHL,ATL,610,155.0,103.0,666,845
445,2015,1,1,DL,1492,PHX,MSP,610,186.0,145.0,1276,1016
446,2015,1,1,B6,1554,SJU,FLL,610,163.0,147.0,1046,753
447,2015,1,1,EV,4556,VPS,IAH,610,119.0,99.0,528,809
448,2015,1,1,EV,6071,GUC,DEN,610,59.0,34.0,152,709
449,2015,1,1,F9,1252,MIA,LGA,610,175.0,147.0,1096,905
450,2015,1,1,MQ,3323,RIC,MIA,610,161.0,123.0,825,851
451,2015,1,1,MQ,3601,DTW,LGA,610,105.0,68.0,502,755
452,2015,1,1,MQ,3551,ORF,MIA,610,156.0,128.0,802,846
453,2015,1,1,OO,5572,MOT,DEN,610,133.0,84.0,604,723
454,2015,1,1,AA,1312,STL,MIA,611,169.0,127.0,1068,1000
455,2015,1,1,B6,269,BOS,FLL,611,213.0,174.0,1237,944
456,2015,1,1,EV,4506,MLU,IAH,612,73.0,58.0,262,725
457,2015,1,1,OO,5337,MAF,DEN,612,116.0,,563,708
458,2015,1,1,NK,562,LAX,LAS,613,68.0,44.0,236,721
459,2015,1,1,UA,416,PDX,ORD,614,235.0,207.0,1739,1209
460,2015,1,1,B6,1403,JFK,SJU,614,223.0,182.0,1598,1057
461,2015,1,1,HA,107,KOA,HNL,614,42.0,30.0,163,656
462,2015,1,1,OO,4681,EUG,SLC,614,115.0,90.0,618,909
463,2015,1,1,US,1754,RNO,PHX,615,107.0,84.0,601,902
464,2015,1,1,US,1789,PHX,CLT,615,228.0,183.0,1773,1203
465,2015,1,1,WN,1966,CMH,ATL,615,110.0,65.0,447,805
466,2015,1,1,WN,2351,HOU,ATL,615,110.0,91.0,696,905
467,2015,1,1,WN,137,HOU,PHX,615,175.0,160.0,1020,810
468,2015,1,1,AA,1125,DTW,DFW,615,185.0,,986,820
469,2015,1,1,AA,1165,BOS,JFK,615,75.0,44.0,187,730
470,2015,1,1,AA,1581,DFW,DCA,615,164.0,,1192,959
471,2015,1,1,AA,2253,MSP,DFW,615,165.0,128.0,852,900
472,2015,1,1,AS,504,SEA,SNA,615,155.0,129.0,978,850
473,2015,1,1,B6,99,BDL,DCA,615,100.0,67.0,313,755
474,2015,1,1,B6,962,SJU,BOS,615,247.0,244.0,1674,922
475,2015,1,1,B6,2006,FLL,EWR,615,165.0,148.0,1065,900
476,2015,1,1,DL,828,MOB,ATL,615,68.0,43.0,302,823
477,2015,1,1,DL,978,SAN,SLC,615,121.0,89.0,626,916
478,2015,1,1,DL,985,LAS,SLC,615,86.0,60.0,368,841
479,2015,1,1,DL,1275,DCA,DTW,615,100.0,73.0,405,755
480,2015,1,1,DL,2384,SMF,SLC,615,98.0,80.0,532,853
481,2015,1,1,DL,1610,DEN,DTW,615,184.0,121.0,1123,1119
482,2015,1,1,DL,1866,SFO,ATL,615,270.0,251.0,2139,1345
483,2015,1,1,DL,1919,LGA,MSP,615,189.0,172.0,1020,824
484,2015,1,1,EV,2522,LAW,DFW,615,55.0,30.0,140,710
485,2015,1,1,EV,2512,BRO,DFW,615,95.0,68.0,482,750
486,2015,1,1,EV,2572,PIB,MEI,615,45.0,15.0,69,700
487,2015,1,1,EV,4531,CHS,IAH,615,172.0,163.0,925,807
488,2015,1,1,EV,4655,MEM,IAH,615,110.0,88.0,468,805
489,2015,1,1,EV,5123,MGM,ATL,615,51.0,27.0,147,806
490,2015,1,1,F9,582,SLC,DEN,615,92.0,64.0,391,747
491,2015,1,1,F9,439,OMA,DEN,615,105.0,73.0,472,700
492,2015,1,1,MQ,2958,FAR,DFW,615,180.0,,968,915
493,2015,1,1,MQ,3432,DCA,JFK,615,63.0,41.0,213,718
494,2015,1,1,MQ,3613,MSN,DFW,615,160.0,,821,855
495,2015,1,1,MQ,3568,CMH,LGA,615,95.0,63.0,479,750
496,2015,1,1,OO,5348,SBP,LAX,615,71.0,37.0,156,726
497,2015,1,1,OO,5256,COS,IAH,615,139.0,116.0,809,934
498,2015,1,1,OO,4747,OAK,SLC,615,110.0,95.0,588,905
499,2015,1,1,OO,5464,LAR,DEN,615,53.0,28.0,113,708
500,2015,1,1,OO,5608,SAN,LAX,615,52.0,25.0,109,707
501,2015,1,1,OO,5636,BFL,SFO,615,95.0,59.0,238,750
502,2015,1,1,OO,6571,DRO,PHX,615,84.0,57.0,351,739
503,2015,1,1,OO,6573,MRY,PHX,615,106.0,79.0,598,901
504,2015,1,1,OO,6616,FAT,PHX,615,100.0,78.0,493,855
505,2015,1,1,NK,612,MSP,ORD,616,89.0,49.0,334,745
506,2015,1,1,NK,940,DFW,ORD,616,139.0,96.0,802,835
507,2015,1,1,OO,6368,BIS,DEN,617,120.0,77.0,516,717
508,2015,1,1,HA,101,ITO,HNL,618,49.0,39.0,216,707
509,2015,1,1,B6,762,PBI,LGA,619,158.0,141.0,1035,857
510,2015,1,1,OO,5249,SAT,ORD,619,172.0,121.0,1041,911
511,2015,1,1,UA,207,FLL,IAH,620,171.0,150.0,965,811
512,2015,1,1,US,1931,BUF,CLT,620,119.0,89.0,546,819
513,2015,1,1,UA,732,SEA,ORD,620,236.0,195.0,1721,1216
514,2015,1,1,WN,698,CMH,FLL,620,170.0,135.0,973,910
515,2015,1,1,WN,799,LAS,HOU,620,170.0,155.0,1235,1110
516,2015,1,1,WN,687,PVD,MCO,620,190.0,161.0,1072,930
517,2015,1,1,WN,823,SAN,BWI,620,295.0,248.0,2295,1415
518,2015,1,1,WN,603,SAN,MDW,620,250.0,200.0,1728,1230
519,2015,1,1,WN,885,SMF,PHX,620,120.0,89.0,647,920
520,2015,1,1,UA,1192,SAN,DEN,620,145.0,110.0,853,945
521,2015,1,1,UA,1568,SAN,EWR,620,320.0,253.0,2425,1440
522,2015,1,1,US,460,SJC,PHX,620,113.0,85.0,621,913
523,2015,1,1,AA,269,SJC,DFW,620,215.0,,1438,1155
524,2015,1,1,AA,1186,DFW,BOS,620,205.0,165.0,1562,1045
525,2015,1,1,AA,1390,SAN,DFW,620,185.0,138.0,1171,1125
526,2015,1,1,AA,2420,LAX,DFW,620,180.0,149.0,1235,1120
527,2015,1,1,AS,545,ONT,SEA,620,160.0,135.0,956,900
528,2015,1,1,AA,955,RDU,MIA,620,130.0,96.0,700,830
529,2015,1,1,DL,2129,ROC,ATL,620,151.0,108.0,749,851
530,2015,1,1,DL,1518,MCO,ATL,620,91.0,61.0,404,751
531,2015,1,1,DL,1588,DCA,MSP,620,165.0,155.0,931,805
532,2015,1,1,EV,4468,CAE,IAH,620,161.0,154.0,878,801
533,2015,1,1,EV,5534,BTR,ATL,620,88.0,59.0,448,848
534,2015,1,1,F9,1338,IAD,MSP,620,165.0,142.0,908,805
535,2015,1,1,MQ,3205,SAV,DFW,620,185.0,,925,825
536,2015,1,1,MQ,3173,GRI,DFW,620,120.0,,561,820
537,2015,1,1,NK,470,PDX,SAN,620,140.0,115.0,933,840
538,2015,1,1,NK,742,DFW,MSP,620,139.0,111.0,852,839
539,2015,1,1,OO,4762,PSP,SLC,620,106.0,84.0,541,906
540,2015,1,1,OO,4716,ISN,MSP,620,117.0,74.0,546,817
541,2015,1,1,OO,5616,HLN,DEN,620,118.0,79.0,594,818
542,2015,1,1,UA,1026,MCO,IAH,621,153.0,137.0,854,754
543,2015,1,1,B6,1481,BOS,RIC,621,113.0,88.0,474,814
544,2015,1,1,F9,344,BZN,DEN,622,93.0,70.0,524,755
545,2015,1,1,OO,4624,FAT,SLC,622,108.0,83.0,501,910
546,2015,1,1,OO,6372,FSD,DEN,622,110.0,73.0,483,712
547,2015,1,1,NK,200,IAH,ORD,623,152.0,115.0,925,855
548,2015,1,1,UA,206,EWR,IAH,624,239.0,222.0,1400,923
549,2015,1,1,DL,1515,PIT,DTW,624,86.0,41.0,201,750
550,2015,1,1,US,1982,FLL,CLT,625,117.0,95.0,631,822
551,2015,1,1,UA,525,MIA,EWR,625,181.0,150.0,1085,926
552,2015,1,1,WN,871,DEN,ATL,625,175.0,137.0,1199,1120
553,2015,1,1,WN,343,MDW,PHX,625,240.0,224.0,1444,925
554,2015,1,1,US,598,LAX,PHL,625,299.0,258.0,2402,1424
555,2015,1,1,AA,127,IAD,DFW,625,210.0,200.0,1172,855
556,2015,1,1,AA,387,LAX,AUS,625,175.0,,1242,1120
557,2015,1,1,AA,1079,CLT,DFW,625,175.0,149.0,936,820
558,2015,1,1,AA,1207,PHL,DFW,625,235.0,206.0,1303,920
559,2015,1,1,AA,1343,DFW,CLT,625,140.0,107.0,936,945
560,2015,1,1,AA,1635,ATL,DFW,625,150.0,,731,755
561,2015,1,1,AA,2379,RDU,DFW,625,195.0,166.0,1061,840
562,2015,1,1,AA,2272,SAT,DFW,625,70.0,40.0,247,735
563,2015,1,1,AS,124,FAI,SEA,625,205.0,188.0,1533,1050
564,2015,1,1,B6,70,FLL,BOS,625,180.0,169.0,1237,925
565,2015,1,1,B6,966,RSW,BOS,625,178.0,163.0,1249,923
566,2015,1,1,DL,891,MIA,ATL,625,120.0,84.0,594,825
567,2015,1,1,DL,2234,BWI,MSP,625,171.0,149.0,936,816
568,2015,1,1,DL,2480,MDT,ATL,625,146.0,97.0,620,851
569,2015,1,1,B6,2180,EWR,BOS,625,68.0,40.0,200,733
570,2015,1,1,EV,5221,SCE,DTW,625,87.0,60.0,301,752
571,2015,1,1,F9,308,GEG,DEN,625,132.0,108.0,836,937
572,2015,1,1,MQ,3609,LEX,DFW,625,160.0,,785,805
573,2015,1,1,MQ,3634,VPS,DFW,625,135.0,,641,840
574,2015,1,1,NK,969,BWI,ORD,625,129.0,116.0,622,734
575,2015,1,1,OO,6557,SBA,PHX,625,90.0,68.0,455,855
576,2015,1,1,OO,6564,SBP,PHX,625,101.0,73.0,509,906
577,2015,1,1,EV,4418,PNS,IAH,626,106.0,89.0,489,812
578,2015,1,1,OO,6230,COS,DEN,626,53.0,22.0,73,719
579,2015,1,1,EV,3272,CLE,ORD,627,87.0,60.0,315,654
580,2015,1,1,HA,104,LIH,HNL,628,32.0,18.0,102,700
581,2015,1,1,OO,7396,TWF,SLC,628,52.0,30.0,175,720
582,2015,1,1,DL,1592,SAN,ATL,629,241.0,202.0,1892,1330
583,2015,1,1,UA,195,BDL,ORD,630,159.0,137.0,783,809
584,2015,1,1,US,649,LAX,PHX,630,79.0,53.0,370,849
585,2015,1,1,US,674,EWR,PHX,630,341.0,339.0,2133,1011
586,2015,1,1,US,835,PHL,CLT,630,104.0,81.0,449,814
587,2015,1,1,UA,572,AUS,IAH,630,61.0,30.0,140,731
588,2015,1,1,UA,577,SFO,EWR,630,329.0,286.0,2565,1459
589,2015,1,1,OO,5628,RNO,SFO,630,73.0,41.0,192,743
590,2015,1,1,WN,4570,SEA,MDW,630,240.0,212.0,1733,1230
591,2015,1,1,WN,660,SJU,TPA,630,190.0,173.0,1237,840
592,2015,1,1,UA,1231,HNL,LAX,630,338.0,289.0,2556,1408
593,2015,1,1,US,401,CLT,PHL,630,93.0,68.0,449,803
594,2015,1,1,US,433,JFK,PHX,630,348.0,334.0,2153,1018
595,2015,1,1,US,567,SAN,PHX,630,83.0,48.0,304,853
596,2015,1,1,US,595,ONT,PHX,630,74.0,48.0,325,844
597,2015,1,1,AA,148,MIA,CLT,630,125.0,96.0,650,835
598,2015,1,1,AA,330,PBI,ORD,630,190.0,171.0,1144,840
599,2015,1,1,AA,1381,EWR,DFW,630,245.0,232.0,1372,935
600,2015,1,1,AS,157,ANC,OTZ,630,102.0,78.0,548,812
601,2015,1,1,AS,499,SAN,SEA,630,180.0,145.0,1050,930
602,2015,1,1,AS,573,SAN,PDX,630,160.0,136.0,933,910
603,2015,1,1,B6,23,JFK,LAX,630,377.0,358.0,2475,947
604,2015,1,1,B6,1099,LGA,MCO,630,181.0,136.0,950,931
605,2015,1,1,B6,929,JFK,RSW,630,195.0,162.0,1074,945
606,2015,1,1,B6,1285,BOS,PIT,630,118.0,87.0,496,828
607,2015,1,1,DL,418,SFO,JFK,630,325.0,284.0,2586,1455
608,2015,1,1,DL,783,MSP,ATL,630,158.0,112.0,907,1008
609,2015,1,1,DL,1984,AUS,ATL,630,127.0,93.0,813,937
610,2015,1,1,DL,2114,COS,ATL,630,175.0,131.0,1184,1125
611,2015,1,1,DL,2283,DTW,ATL,630,135.0,88.0,594,845
612,2015,1,1,DL,2370,MSY,LGA,630,168.0,137.0,1183,1018
613,2015,1,1,DL,1598,SEA,ATL,630,275.0,245.0,2182,1405
614,2015,1,1,DL,1809,EWR,ATL,630,167.0,114.0,746,917
615,2015,1,1,DL,1872,TPA,ATL,630,88.0,61.0,406,758
616,2015,1,1,EV,2549,BPT,DFW,630,70.0,46.0,270,740
617,2015,1,1,EV,3261,RIC,IAD,630,57.0,28.0,100,727
618,2015,1,1,EV,3929,EWR,JAX,630,159.0,120.0,820,909
619,2015,1,1,EV,4306,GPT,IAH,630,87.0,72.0,376,757
620,2015,1,1,F9,295,TPA,DEN,630,245.0,214.0,1506,835
621,2015,1,1,F9,711,RSW,DEN,630,254.0,229.0,1607,844
622,2015,1,1,F9,1246,DEN,DFW,630,110.0,96.0,641,920
623,2015,1,1,F9,1108,CLE,MCO,630,140.0,115.0,895,850
624,2015,1,1,MQ,2913,GPT,DFW,630,115.0,,500,825
625,2015,1,1,MQ,3649,MGM,DFW,630,135.0,,622,845
626,2015,1,1,OO,2604,SAN,LAX,630,55.0,25.0,109,725
627,2015,1,1,NK,379,ACY,MYR,630,95.0,73.0,466,805
628,2015,1,1,OO,5381,STC,ORD,630,86.0,52.0,394,756
629,2015,1,1,OO,4553,BOI,LAX,630,130.0,90.0,674,740
630,2015,1,1,OO,5186,SFO,SAN,630,92.0,64.0,447,802
631,2015,1,1,OO,5581,MSP,LAX,630,240.0,217.0,1535,830
632,2015,1,1,OO,6588,BFL,PHX,630,93.0,71.0,425,903
633,2015,1,1,UA,1534,TPA,ORD,631,168.0,144.0,1012,819
634,2015,1,1,EV,5764,ORD,IAD,632,112.0,77.0,589,924
635,2015,1,1,HA,114,HNL,OGG,632,36.0,20.0,100,708
636,2015,1,1,B6,675,JFK,MSY,633,211.0,194.0,1182,904
637,2015,1,1,OO,5297,MKE,ORD,633,54.0,21.0,67,727
638,2015,1,1,UA,410,MIA,ORD,635,200.0,174.0,1197,855
639,2015,1,1,US,700,SEA,PHL,635,301.0,263.0,2378,1436
640,2015,1,1,WN,1926,SAT,ATL,635,135.0,103.0,874,950
641,2015,1,1,WN,1119,PDX,MDW,635,235.0,218.0,1751,1230
642,2015,1,1,US,474,LAS,PHX,635,71.0,46.0,255,846
643,2015,1,1,AA,129,JAX,DFW,635,170.0,141.0,918,825
644,2015,1,1,AA,1349,MSY,DFW,635,100.0,,447,815
645,2015,1,1,AA,1543,PIT,DFW,635,200.0,162.0,1067,855
646,2015,1,1,AA,2220,COS,DFW,635,120.0,88.0,592,935
647,2015,1,1,AS,240,SEA,SAN,635,163.0,133.0,1050,918
648,2015,1,1,AS,576,PDX,SAN,635,139.0,117.0,933,854
649,2015,1,1,AS,724,SEA,SLC,635,121.0,93.0,689,936
650,2015,1,1,B6,475,PVD,MCO,635,190.0,155.0,1072,945
651,2015,1,1,B6,1467,HPN,PBI,635,176.0,146.0,1056,931
652,2015,1,1,AA,1441,JFK,LAS,635,350.0,342.0,2248,925
653,2015,1,1,DL,2005,MLB,ATL,635,95.0,65.0,442,810
654,2015,1,1,DL,2290,PIT,ATL,635,129.0,74.0,526,844
655,2015,1,1,DL,1864,SAN,MSP,635,224.0,190.0,1532,1219
656,2015,1,1,EV,5579,ABE,ATL,635,139.0,110.0,692,854
657,2015,1,1,MQ,3443,SPI,DFW,635,135.0,,630,850
658,2015,1,1,OO,4758,PLN,DTW,635,79.0,41.0,243,754
659,2015,1,1,OO,3460,PDX,ONT,635,134.0,105.0,838,849
660,2015,1,1,UA,665,RSW,EWR,638,172.0,144.0,1068,930
661,2015,1,1,DL,1056,SJC,MSP,639,231.0,214.0,1576,1230
662,2015,1,1,OO,4577,CIU,DTW,640,84.0,45.0,284,804
663,2015,1,1,US,1718,MCO,CLT,640,96.0,71.0,468,816
664,2015,1,1,US,1943,BWI,CLT,640,94.0,67.0,361,814
665,2015,1,1,US,1946,EWR,CLT,640,121.0,88.0,529,841
666,2015,1,1,WN,795,AUS,ATL,640,130.0,96.0,813,950
667,2015,1,1,WN,692,CAK,MCO,640,150.0,122.0,861,910
668,2015,1,1,WN,1170,FLL,LAS,640,330.0,303.0,2173,910
669,2015,1,1,WN,653,MKE,LAS,640,245.0,221.0,1524,845
670,2015,1,1,WN,890,PHX,MDW,640,195.0,160.0,1444,1055
671,2015,1,1,WN,832,SJC,LAS,640,85.0,63.0,386,805
672,2015,1,1,UA,1284,LAS,EWR,640,289.0,234.0,2227,1429
673,2015,1,1,UA,1748,ORD,EWR,640,125.0,82.0,719,945
674,2015,1,1,AA,1305,DSM,DFW,640,140.0,105.0,624,900
675,2015,1,1,AA,1285,IAH,DFW,640,70.0,,224,750
676,2015,1,1,AA,1562,RIC,DFW,640,220.0,188.0,1158,920
677,2015,1,1,AS,548,BLI,SEA,640,37.0,26.0,93,717
678,2015,1,1,AS,558,PDX,LAX,640,144.0,110.0,834,904
679,2015,1,1,AS,560,SEA,PSP,640,152.0,124.0,987,912
680,2015,1,1,AS,569,LAX,PDX,640,150.0,124.0,834,910
681,2015,1,1,AS,662,SEA,DFW,640,222.0,211.0,1660,1222
682,2015,1,1,AS,709,SLC,SJC,640,123.0,75.0,584,743
683,2015,1,1,AA,2476,BDL,MIA,640,206.0,164.0,1194,1006
684,2015,1,1,DL,1332,RSW,ATL,640,108.0,81.0,515,828
685,2015,1,1,DL,2135,TPA,LGA,640,154.0,128.0,1010,914
686,2015,1,1,DL,2276,MCO,LGA,640,153.0,125.0,950,913
687,2015,1,1,DL,2566,SFO,MSP,640,228.0,206.0,1589,1228
688,2015,1,1,EV,2506,CRP,DFW,640,80.0,52.0,354,800
689,2015,1,1,EV,2555,SHV,DFW,640,65.0,42.0,190,745
690,2015,1,1,EV,2561,BTR,DFW,640,85.0,64.0,383,805
691,2015,1,1,EV,2537,MLU,DFW,640,80.0,52.0,293,800
692,2015,1,1,MQ,2775,PIA,DFW,640,145.0,,672,905
693,2015,1,1,MQ,2966,ROW,DFW,640,85.0,,435,905
694,2015,1,1,MQ,3359,FWA,DFW,640,170.0,,859,830
695,2015,1,1,MQ,3476,CHS,MIA,640,100.0,74.0,489,820
696,2015,1,1,MQ,3589,GSO,MIA,640,136.0,99.0,710,856
697,2015,1,1,NK,705,LGA,FLL,640,186.0,147.0,1076,946
698,2015,1,1,NK,567,DTW,ATL,640,114.0,85.0,594,834
699,2015,1,1,NK,417,DTW,FLL,640,186.0,150.0,1127,946
700,2015,1,1,OO,3456,PDX,BUR,640,130.0,104.0,817,850
701,2015,1,1,OO,5492,MSN,ORD,640,57.0,28.0,108,737
702,2015,1,1,OO,6495,COS,LAX,640,165.0,115.0,833,825
703,2015,1,1,OO,5291,GCC,DEN,642,107.0,66.0,313,829
704,2015,1,1,UA,536,LAX,IAH,644,197.0,164.0,1379,1201
705,2015,1,1,UA,259,SNA,IAH,645,200.0,156.0,1346,1205
706,2015,1,1,UA,792,BUF,ORD,645,106.0,85.0,473,731
707,2015,1,1,VX,922,SFO,LAX,645,80.0,54.0,337,805
708,2015,1,1,WN,3213,DAL,MDW,645,140.0,95.0,793,905
709,2015,1,1,WN,2599,LIT,DAL,645,75.0,56.0,296,800
710,2015,1,1,WN,2199,MHT,MCO,645,205.0,171.0,1142,1010
711,2015,1,1,WN,3739,ALB,MCO,645,195.0,153.0,1073,1000
712,2015,1,1,WN,1188,SAT,BWI,645,185.0,153.0,1407,1050
713,2015,1,1,WN,4563,OKC,ATL,645,125.0,90.0,761,950
714,2015,1,1,US,593,SNA,PHX,645,86.0,50.0,338,911
715,2015,1,1,AA,323,DFW,STL,645,95.0,,550,820
716,2015,1,1,AA,1107,LGA,DFW,645,255.0,229.0,1389,1000
717,2015,1,1,AA,1234,LAS,ORD,645,210.0,175.0,1514,1215
718,2015,1,1,AA,1283,BNA,MIA,645,140.0,104.0,806,1005
719,2015,1,1,AA,1287,MSP,MIA,645,225.0,179.0,1501,1130
720,2015,1,1,AA,1300,SNA,DFW,645,185.0,143.0,1205,1150
721,2015,1,1,AA,2326,MIA,DCA,645,150.0,127.0,919,915
722,2015,1,1,B6,318,JFK,BOS,645,71.0,38.0,187,756
723,2015,1,1,B6,1137,BOS,DTW,645,145.0,112.0,632,910
724,2015,1,1,DL,716,OMA,ATL,645,144.0,,821,1009
725,2015,1,1,DL,765,PIT,MSP,645,154.0,114.0,726,819
726,2015,1,1,DL,801,SNA,ATL,645,256.0,207.0,1919,1401
727,2015,1,1,DL,827,FLL,ATL,645,114.0,81.0,581,839
728,2015,1,1,DL,860,SNA,MSP,645,225.0,188.0,1522,1230
729,2015,1,1,DL,886,ATL,LGA,645,128.0,97.0,762,853
730,2015,1,1,DL,1135,BHM,ATL,645,69.0,30.0,134,854
731,2015,1,1,DL,1324,BNA,ATL,645,74.0,36.0,214,859
732,2015,1,1,AA,1449,FLL,DFW,645,195.0,,1119,900
733,2015,1,1,DL,246,SAN,JFK,645,314.0,264.0,2446,1459
734,2015,1,1,AA,2395,BHM,DFW,645,135.0,103.0,597,900
735,2015,1,1,EV,4438,HOB,IAH,645,97.0,,501,922
736,2015,1,1,EV,6042,LNK,DEN,645,99.0,69.0,423,724
737,2015,1,1,F9,110,DEN,MSP,645,115.0,88.0,680,940
738,2015,1,1,F9,782,LAS,DEN,645,109.0,90.0,628,934
739,2015,1,1,F9,268,SNA,DEN,645,145.0,114.0,846,1010
740,2015,1,1,MQ,2965,SGF,DFW,645,95.0,,364,820
741,2015,1,1,MQ,3009,CMI,DFW,645,145.0,117.0,693,910
742,2015,1,1,MQ,3431,COU,DFW,645,120.0,,489,845
743,2015,1,1,NK,301,BWI,FLL,645,157.0,125.0,925,922
744,2015,1,1,NK,725,MCI,IAH,645,110.0,108.0,643,835
745,2015,1,1,OO,6262,GTF,DEN,645,117.0,87.0,624,842
746,2015,1,1,OO,4811,BNA,CVG,645,72.0,45.0,230,857
747,2015,1,1,OO,6502,SNA,SFO,645,95.0,63.0,372,820
748,2015,1,1,OO,6523,PHX,LAX,645,96.0,61.0,370,721
749,2015,1,1,OO,4974,ATL,IAH,646,136.0,121.0,689,802
750,2015,1,1,OO,7385,EKO,SLC,646,64.0,55.0,200,850
751,2015,1,1,B6,1208,IAD,JFK,647,73.0,49.0,228,800
752,2015,1,1,HA,338,HNL,KOA,647,42.0,27.0,163,729
753,2015,1,1,OO,6291,FAT,SFO,648,67.0,28.0,158,755
754,2015,1,1,DL,1212,LAX,MSP,649,218.0,193.0,1535,1227
755,2015,1,1,UA,284,PHX,SFO,650,134.0,89.0,651,804
756,2015,1,1,US,1866,PIT,CLT,650,99.0,68.0,366,829
757,2015,1,1,US,2071,MSP,CLT,650,160.0,111.0,930,1030
758,2015,1,1,WN,985,BWI,MCO,650,160.0,115.0,787,930
759,2015,1,1,WN,739,MSY,ATL,650,85.0,60.0,425,915
760,2015,1,1,WN,2964,PHX,DAL,650,130.0,111.0,879,1000
761,2015,1,1,UA,1291,FLL,ORD,650,202.0,175.0,1182,912
762,2015,1,1,US,408,PHL,PHX,650,325.0,327.0,2075,1015
763,2015,1,1,AA,338,LAX,SFO,650,80.0,55.0,337,810
764,2015,1,1,AA,1371,MEM,DFW,650,105.0,78.0,432,835
765,2015,1,1,AA,1318,BOS,DFW,650,280.0,256.0,1562,1030
766,2015,1,1,AA,1595,AUS,DFW,650,65.0,33.0,190,755
767,2015,1,1,AA,2226,DFW,TPA,650,135.0,114.0,929,1005
768,2015,1,1,AA,2429,CLE,DFW,650,195.0,159.0,1021,905
769,2015,1,1,AA,2424,LAX,DFW,650,180.0,146.0,1235,1150
770,2015,1,1,AS,321,SJC,SEA,650,124.0,100.0,697,854
771,2015,1,1,AS,582,PDX,SNA,650,139.0,117.0,859,909
772,2015,1,1,AS,629,LAS,PDX,650,136.0,114.0,763,906
773,2015,1,1,AS,805,SEA,SMF,650,110.0,80.0,605,840
774,2015,1,1,B6,148,LGB,OAK,650,82.0,59.0,353,812
775,2015,1,1,DL,476,LAX,JFK,650,319.0,274.0,2475,1509
776,2015,1,1,DL,1085,AVL,ATL,650,65.0,30.0,164,755
777,2015,1,1,DL,2512,HSV,ATL,650,68.0,30.0,151,858
778,2015,1,1,EV,6175,BNA,ORD,650,110.0,73.0,409,840
779,2015,1,1,MQ,3082,SAF,DFW,650,95.0,,551,925
780,2015,1,1,MQ,2973,GRR,DFW,650,195.0,,931,905
781,2015,1,1,MQ,3294,XNA,ORD,650,110.0,70.0,522,840
782,2015,1,1,MQ,3268,SUX,ORD,650,100.0,61.0,436,830
783,2015,1,1,MQ,3419,LFT,DFW,650,85.0,,351,815
784,2015,1,1,NK,729,ORD,TPA,650,163.0,127.0,1012,1033
785,2015,1,1,OO,5536,PSP,IAH,650,178.0,147.0,1269,1148
786,2015,1,1,OO,5428,HYS,DEN,650,74.0,53.0,298,704
787,2015,1,1,UA,464,BOS,EWR,651,86.0,45.0,200,817
788,2015,1,1,HA,332,HNL,ITO,651,50.0,33.0,216,741
789,2015,1,1,AA,1101,JFK,MIA,652,198.0,153.0,1089,1010
790,2015,1,1,NK,111,DTW,LAS,652,273.0,262.0,1749,825
791,2015,1,1,UA,1077,EWR,MIA,653,178.0,152.0,1085,951
792,2015,1,1,UA,1510,SAN,IAH,653,188.0,151.0,1303,1201
793,2015,1,1,UA,204,DFW,IAH,654,69.0,43.0,224,803
794,2015,1,1,US,773,RIC,CLT,655,77.0,54.0,257,812
795,2015,1,1,US,1960,TPA,CLT,655,100.0,74.0,507,835
796,2015,1,1,UA,670,TPA,EWR,655,155.0,133.0,997,930
797,2015,1,1,WN,707,CAK,ATL,655,120.0,77.0,528,855
798,2015,1,1,WN,537,MCO,ATL,655,95.0,63.0,404,830
799,2015,1,1,WN,897,ABQ,DAL,655,105.0,81.0,580,940
800,2015,1,1,WN,753,PVD,FLL,655,200.0,169.0,1188,1015
801,2015,1,1,WN,969,PHL,FLL,655,170.0,137.0,992,945
802,2015,1,1,WN,4120,PHL,LAS,655,345.0,321.0,2176,940
803,2015,1,1,AA,299,MIA,DEN,655,267.0,242.0,1709,922
804,2015,1,1,AA,367,TUL,DFW,655,75.0,,237,810
805,2015,1,1,AA,222,LAX,BOS,655,320.0,271.0,2611,1515
806,2015,1,1,AA,1104,DFW,LGA,655,190.0,157.0,1389,1105
807,2015,1,1,AA,1373,BWI,DFW,655,220.0,202.0,1217,935
808,2015,1,1,AA,2401,DFW,LAX,655,205.0,,1235,820
809,2015,1,1,B6,16,SFO,JFK,655,322.0,299.0,2586,1517
810,2015,1,1,DL,1071,MKE,MSP,655,90.0,52.0,297,825
811,2015,1,1,DL,2090,PDX,MSP,655,203.0,174.0,1426,1218
812,2015,1,1,B6,2324,MCO,DCA,655,124.0,103.0,759,859
813,2015,1,1,B6,2702,JFK,BUF,655,94.0,62.0,301,829
814,2015,1,1,DL,1651,MSP,LAS,655,218.0,160.0,1299,833
815,2015,1,1,DL,1818,ATL,MCO,655,87.0,59.0,404,822
816,2015,1,1,EV,3924,MFE,IAH,655,74.0,50.0,316,809
817,2015,1,1,F9,907,TTN,RDU,655,93.0,59.0,373,828
818,2015,1,1,MQ,3063,ELP,ORD,655,175.0,,1236,1050
819,2015,1,1,MQ,3110,HSV,ORD,655,130.0,87.0,510,905
820,2015,1,1,MQ,3188,ABQ,ORD,655,155.0,119.0,1118,1030
821,2015,1,1,UA,821,RDU,SFO,657,361.0,328.0,2400,958
822,2015,1,1,UA,312,EWR,LAX,659,386.0,340.0,2454,1025
823,2015,1,1,US,823,DCA,CLT,659,89.0,63.0,331,828
824,2015,1,1,UA,1052,MCO,EWR,659,152.0,127.0,937,931
825,2015,1,1,AA,1553,DCA,MIA,659,165.0,129.0,919,944
826,2015,1,1,B6,15,JFK,SFO,659,404.0,350.0,2586,1043
827,2015,1,1,B6,453,JFK,PBI,659,183.0,143.0,1028,1002
828,2015,1,1,DL,1547,LGA,ATL,659,164.0,115.0,762,943
829,2015,1,1,OO,6618,PSP,PHX,659,68.0,41.0,261,907
830,2015,1,1,OO,5366,DVL,JMS,700,38.0,,83,738
831,2015,1,1,UA,356,ALB,ORD,700,159.0,130.0,723,839
832,2015,1,1,UA,392,PDX,SFO,700,113.0,78.0,550,853
833,2015,1,1,UA,417,EWR,TPA,700,181.0,149.0,997,1001
834,2015,1,1,US,852,JAX,CLT,700,87.0,53.0,328,827
835,2015,1,1,US,1722,CLE,CLT,700,103.0,68.0,430,843
836,2015,1,1,US,1877,CLT,MIA,700,119.0,91.0,650,859
837,2015,1,1,US,1961,IAH,CLT,700,142.0,105.0,912,1022
838,2015,1,1,US,1978,IND,CLT,700,98.0,63.0,427,838
839,2015,1,1,US,2064,DFW,CLT,700,148.0,112.0,936,1028
840,2015,1,1,UA,463,LGA,ORD,700,159.0,136.0,733,839
841,2015,1,1,UA,514,BOS,IAH,700,273.0,236.0,1597,1033
842,2015,1,1,UA,521,BOS,ORD,700,178.0,154.0,867,858
843,2015,1,1,UA,736,SFO,EWR,700,326.0,286.0,2565,1526
844,2015,1,1,UA,795,SNA,DEN,700,142.0,111.0,846,1022
845,2015,1,1,UA,1027,SFO,IAH,700,232.0,199.0,1635,1252
846,2015,1,1,VX,399,JFK,LAX,700,385.0,360.0,2475,1025
847,2015,1,1,VX,897,LAS,SFO,700,85.0,61.0,414,825
848,2015,1,1,WN,473,BUF,FLL,700,195.0,158.0,1165,1015
849,2015,1,1,WN,309,BWI,HOU,700,220.0,198.0,1246,940
850,2015,1,1,WN,369,BWI,LAS,700,330.0,301.0,2106,930
851,2015,1,1,WN,4635,CLE,PHX,700,280.0,271.0,1737,940
852,2015,1,1,WN,1019,DCA,DAL,700,210.0,208.0,1184,930
853,2015,1,1,WN,194,ISP,FLL,700,185.0,159.0,1092,1005
854,2015,1,1,WN,2511,MDW,DAL,700,150.0,129.0,793,930
855,2015,1,1,WN,767,MDW,TPA,700,165.0,132.0,997,1045
856,2015,1,1,WN,390,MSP,MDW,700,95.0,58.0,349,835
857,2015,1,1,WN,443,PIT,MCO,700,150.0,114.0,834,930
858,2015,1,1,WN,921,SAT,BNA,700,120.0,94.0,822,900
859,2015,1,1,WN,2373,HOU,MCO,700,130.0,103.0,849,1010
860,2015,1,1,UA,1195,MCO,SFO,700,360.0,317.0,2446,1000
861,2015,1,1,UA,1697,EWR,DEN,700,270.0,250.0,1605,930
862,2015,1,1,US,424,ORD,PHX,700,243.0,212.0,1440,1003
863,2015,1,1,US,461,ATL,CLT,700,72.0,38.0,226,812
864,2015,1,1,US,568,SLC,PHX,700,109.0,68.0,507,849
865,2015,1,1,US,590,BOI,PHX,700,128.0,97.0,735,908
866,2015,1,1,US,621,DCA,PHX,700,320.0,306.0,1979,1020
867,2015,1,1,AA,9,JFK,LAX,700,380.0,368.0,2475,1020
868,2015,1,1,AA,17,ATL,MIA,700,112.0,82.0,594,852
869,2015,1,1,AA,118,LAX,JFK,700,325.0,268.0,2475,1525
870,2015,1,1,AA,68,SFO,MIA,700,324.0,295.0,2585,1524
871,2015,1,1,AA,201,BOS,LAX,700,395.0,390.0,2611,1035
872,2015,1,1,AA,204,MIA,LAS,700,328.0,308.0,2174,928
873,2015,1,1,AA,309,DFW,BNA,700,100.0,74.0,631,840
874,2015,1,1,AA,315,LGA,ORD,700,165.0,136.0,733,845
875,2015,1,1,AA,1242,FAT,DFW,700,195.0,170.0,1313,1215
876,2015,1,1,AA,1247,BOS,ORD,700,185.0,149.0,867,905
877,2015,1,1,AA,1258,LAS,DFW,700,165.0,136.0,1055,1145
878,2015,1,1,AA,1273,MIA,IAH,700,178.0,155.0,964,858
879,2015,1,1,AA,1354,DFW,MCO,700,150.0,123.0,985,1030
880,2015,1,1,AA,1529,MCO,LAX,700,335.0,306.0,2218,935
881,2015,1,1,AA,1582,MIA,BOS,700,193.0,167.0,1258,1013
882,2015,1,1,AA,1699,TPA,DFW,700,170.0,150.0,929,850
883,2015,1,1,AA,1507,SEA,DFW,700,230.0,213.0,1660,1250
884,2015,1,1,AA,1513,DFW,ATL,700,125.0,89.0,731,1005
885,2015,1,1,AA,1648,TUS,DFW,700,130.0,,813,1010
886,2015,1,1,AA,2291,DFW,MIA,700,163.0,,1121,1043
887,2015,1,1,AA,2451,LGA,MIA,700,197.0,151.0,1096,1017
888,2015,1,1,AS,17,EWR,SEA,700,371.0,356.0,2402,1011
889,2015,1,1,AS,39,MSP,SEA,700,225.0,197.0,1399,845
890,2015,1,1,AS,112,ANC,SEA,700,210.0,179.0,1448,1130
891,2015,1,1,AS,311,PSP,SFO,700,95.0,67.0,421,835
892,2015,1,1,AS,313,SFO,SEA,700,120.0,97.0,679,900
893,2015,1,1,AS,405,SJC,PDX,700,105.0,88.0,569,845
894,2015,1,1,AS,415,PDX,SEA,700,50.0,28.0,129,750
895,2015,1,1,AS,445,LAX,SEA,700,170.0,139.0,954,950
896,2015,1,1,AS,466,SEA,LAX,700,165.0,124.0,954,945
897,2015,1,1,AS,519,SNA,SEA,700,180.0,147.0,978,1000
898,2015,1,1,AS,531,BUR,SEA,700,150.0,132.0,937,930
899,2015,1,1,AS,615,LAS,SEA,700,154.0,126.0,867,934
900,2015,1,1,AS,663,PHX,PDX,700,168.0,142.0,1009,848
901,2015,1,1,AS,722,SLC,LAX,700,125.0,82.0,590,805
902,2015,1,1,AS,833,PDX,HNL,700,370.0,336.0,2603,1110
903,2015,1,1,AS,847,SAN,OGG,700,357.0,362.0,2541,1057
904,2015,1,1,AS,883,OAK,LIH,700,344.0,320.0,2457,1044
905,2015,1,1,B6,288,LAX,BOS,700,319.0,272.0,2611,1519
906,2015,1,1,B6,289,BOS,DCA,700,111.0,68.0,399,851
907,2015,1,1,B6,619,BOS,SAN,700,396.0,373.0,2588,1036
908,2015,1,1,B6,723,DCA,MCO,700,143.0,111.0,759,923
909,2015,1,1,B6,1109,BOS,JAX,700,188.0,156.0,1010,1008
910,2015,1,1,B6,1121,PDX,LGB,700,136.0,110.0,846,916
911,2015,1,1,B6,1031,BOS,HOU,700,276.0,255.0,1609,1036
912,2015,1,1,B6,1039,BOS,AUS,700,295.0,269.0,1698,1055
913,2015,1,1,B6,2007,PIT,FLL,700,168.0,131.0,994,948
914,2015,1,1,DL,364,SEA,LAX,700,153.0,118.0,954,933
915,2015,1,1,DL,400,PDX,JFK,700,313.0,268.0,2454,1513
916,2015,1,1,DL,424,JFK,LAX,700,400.0,356.0,2475,1040
917,2015,1,1,DL,822,SEA,DTW,700,255.0,213.0,1927,1415
918,2015,1,1,DL,854,SFO,DTW,700,273.0,247.0,2079,1433
919,2015,1,1,DL,872,DCA,ATL,700,126.0,83.0,547,906
920,2015,1,1,DL,1183,ORF,ATL,700,120.0,88.0,516,900
921,2015,1,1,DL,1280,DAB,ATL,700,88.0,61.0,366,828
922,2015,1,1,DL,1305,PBI,ATL,700,109.0,77.0,545,849
923,2015,1,1,DL,1440,SLC,MSP,700,163.0,134.0,991,1043
924,2015,1,1,DL,1453,SEA,MSP,700,196.0,162.0,1399,1216
925,2015,1,1,AA,1461,DAY,DFW,700,175.0,135.0,861,855
926,2015,1,1,DL,1971,MSP,PHX,700,214.0,180.0,1276,934
927,2015,1,1,DL,2017,LGA,PBI,700,189.0,147.0,1035,1009
928,2015,1,1,DL,2123,RSW,LGA,700,169.0,138.0,1080,949
929,2015,1,1,DL,2151,MIA,LGA,700,179.0,145.0,1096,959
930,2015,1,1,DL,2180,CLE,ATL,700,125.0,80.0,554,905
931,2015,1,1,DL,2351,PBI,LGA,700,168.0,143.0,1035,948
932,2015,1,1,DL,2365,JFK,SJU,700,230.0,180.0,1598,1150
933,2015,1,1,DL,2539,MKE,ATL,700,128.0,87.0,669,1008
934,2015,1,1,B6,2784,RDU,BOS,700,109.0,93.0,612,849
935,2015,1,1,DL,46,JFK,SFO,700,403.0,343.0,2586,1043
936,2015,1,1,DL,1498,FLL,LGA,700,174.0,143.0,1076,954
937,2015,1,1,DL,1506,LAX,DTW,700,267.0,232.0,1979,1427
938,2015,1,1,DL,1795,LAS,JFK,700,285.0,237.0,2248,1445
939,2015,1,1,DL,1894,MSP,MIA,700,226.0,175.0,1501,1146
940,2015,1,1,DL,1925,MSP,RSW,700,210.0,169.0,1416,1130
941,2015,1,1,AA,2393,JFK,MCO,700,185.0,141.0,944,1005
942,2015,1,1,EV,4513,CLE,ORD,700,93.0,62.0,315,733
943,2015,1,1,EV,4524,LFT,IAH,700,65.0,52.0,201,805
944,2015,1,1,EV,4871,SHV,ATL,700,99.0,83.0,551,939
945,2015,1,1,EV,4987,ROC,LGA,700,87.0,40.0,254,827
946,2015,1,1,EV,5423,CID,MSP,700,79.0,42.0,220,819
947,2015,1,1,EV,5755,PVD,ORD,700,176.0,157.0,849,856
948,2015,1,1,F9,1061,ORD,PHX,700,230.0,232.0,1440,950
949,2015,1,1,F9,1120,CLE,RSW,700,170.0,136.0,1025,950
950,2015,1,1,F9,676,DEN,MCO,700,205.0,180.0,1546,1225
951,2015,1,1,F9,681,MCO,DEN,700,253.0,227.0,1546,913
952,2015,1,1,MQ,2841,DFW,DSM,700,108.0,80.0,624,848
953,2015,1,1,MQ,2852,GRK,DFW,700,55.0,,134,755
954,2015,1,1,MQ,2871,PNS,DFW,700,130.0,,604,910
955,2015,1,1,MQ,3024,GJT,DFW,700,145.0,,773,1025
956,2015,1,1,MQ,3051,HPN,ORD,700,175.0,135.0,738,855
957,2015,1,1,MQ,2991,BMI,DFW,700,145.0,,690,925
958,2015,1,1,MQ,3362,DFW,MAF,700,68.0,,309,808
959,2015,1,1,NK,231,ATL,FLL,700,108.0,80.0,581,848
960,2015,1,1,NK,259,ACY,FLL,700,168.0,132.0,977,948
961,2015,1,1,NK,183,LBE,RSW,700,150.0,135.0,956,930
962,2015,1,1,NK,193,IAH,LAS,700,200.0,167.0,1222,820
963,2015,1,1,NK,198,FLL,MCO,700,57.0,32.0,177,757
964,2015,1,1,NK,610,FLL,BOS,700,184.0,169.0,1237,1004
965,2015,1,1,OO,6194,ASE,DEN,700,59.0,27.0,125,759
966,2015,1,1,OO,6272,BUR,SFO,700,86.0,61.0,326,826
967,2015,1,1,OO,3479,SAN,SLC,700,110.0,93.0,626,950
968,2015,1,1,HA,217,KOA,HNL,700,42.0,31.0,163,742
969,2015,1,1,OO,4623,SEA,PDX,700,60.0,29.0,129,800
970,2015,1,1,OO,5471,RKS,DEN,700,87.0,,260,827
971,2015,1,1,OO,5632,SBA,SFO,700,98.0,74.0,262,838
972,2015,1,1,OO,6225,BOI,ORD,700,209.0,182.0,1437,1129
973,2015,1,1,OO,7382,CPR,SLC,700,114.0,48.0,320,854
974,2015,1,1,OO,5633,COS,DEN,701,52.0,20.0,73,753
975,2015,1,1,UA,296,ORD,DEN,702,165.0,131.0,888,847
976,2015,1,1,UA,656,PHX,ORD,702,199.0,154.0,1440,1121
977,2015,1,1,UA,1441,MSY,IAH,702,78.0,59.0,305,820
978,2015,1,1,UA,1764,CLE,RSW,702,178.0,136.0,1025,1000
979,2015,1,1,AA,130,MIA,TPA,702,64.0,,204,806
980,2015,1,1,EV,4221,BTR,IAH,702,73.0,63.0,253,815
981,2015,1,1,EV,6159,BTV,ORD,704,156.0,138.0,763,840
982,2015,1,1,NK,410,FLL,BWI,704,145.0,130.0,925,929
983,2015,1,1,OO,6382,SFO,BOI,704,102.0,84.0,522,946
984,2015,1,1,UA,761,ORD,SFO,705,280.0,238.0,1846,945
985,2015,1,1,VX,12,SFO,JFK,705,329.0,299.0,2586,1534
986,2015,1,1,WN,2851,BDL,FLL,705,195.0,164.0,1173,1020
987,2015,1,1,WN,1108,BWI,FLL,705,155.0,132.0,925,940
988,2015,1,1,WN,1432,CMH,TPA,705,145.0,114.0,829,930
989,2015,1,1,WN,1863,DAL,BWI,705,170.0,131.0,1209,1055
990,2015,1,1,WN,665,DAL,STL,705,95.0,,546,840
991,2015,1,1,WN,323,FLL,BWI,705,155.0,129.0,925,940
992,2015,1,1,WN,2041,MCO,LAS,705,315.0,285.0,2039,920
993,2015,1,1,WN,4649,MDW,MCO,705,165.0,123.0,990,1050
994,2015,1,1,WN,893,OAK,HOU,705,220.0,212.0,1642,1245
995,2015,1,1,WN,552,SAT,ELP,705,95.0,81.0,496,740
996,2015,1,1,WN,3239,TPA,BWI,705,140.0,111.0,842,925
997,2015,1,1,WN,1912,TUS,DEN,705,110.0,83.0,639,855
998,2015,1,1,UA,1660,SNA,EWR,705,319.0,256.0,2434,1524
999,2015,1,1,US,445,RDU,CLT,705,65.0,35.0,130,810
1000,2015,1,1,US,556,MKE,PHX,705,245.0,228.0,1460,1010
